product_title,product_brand,product_price,product_currency,pre_price,discount
Youth 530,New Balance,52.25,BHD,,
,Adidas,18.9,BHD,,-17%
,Adidas,17.99,BHD,,-41%
,Adidas,15.6,BHD,,-24%
,adidas Originals,20.38,BHD,,-33%
,New Balance,21.97,BHD,,-19%
,Adidas,13.78,BHD,,-40%
,adidas Originals,20.95,BHD,,-42%
,asics,49.51,BHD,,-6%
,adidas Originals,32.9,BHD,,
,adidas Originals,30.62,BHD,,-35%
,Adidas,18.78,BHD,,-25%
,Adidas,16.39,BHD,,-25%
,CONVERSE,14.57,BHD,,-47%
,adidas Originals,12.63,BHD,,-71%
,Nike,28,BHD,,-59%
,Adidas,11.95,BHD,,-48%
,Nike,10.02,BHD,,-72%
,Jordan,37.34,BHD,,-35%
,CONVERSE,11.5,BHD,,-41%
,PUMA,15.82,BHD,,-46%
,PUMA,17.76,BHD,,-37%
,adidas Originals,22.42,BHD,,-26%
,Adidas,13.78,BHD,,-25%
,adidas Originals,21.4,BHD,,-18%
,Nike,35.17,BHD,,
,PUMA,19.58,BHD,,-10%
,Adidas,23.79,BHD,,
,asics,42.46,BHD,,-13%
,Adidas,23.11,BHD,,-8%
,SKECHERS,12.07,BHD,,-27%
,adidas Originals,35.17,BHD,,
,UNDER ARMOUR,21.74,BHD,,-33%
,Adidas,16.39,BHD,,-25%
,CONVERSE,14.57,BHD,,-47%
,adidas Originals,28.69,BHD,,-34%
,SKECHERS,18.44,BHD,,
,Adidas,18.9,BHD,,-17%
,Adidas,20.26,BHD,,-28%
,Adidas,20.26,BHD,,-25%
,Adidas,17.87,BHD,,-22%
,PUMA,15.25,BHD,,-42%
,Adidas,16.39,BHD,,-28%
,Adidas,17.64,BHD,,-14%
,Adidas,16.74,BHD,,-27%
,Adidas,15.94,BHD,,-27%
,Nike,28,BHD,,-59%
,Adidas,17.64,BHD,,-10%
,Adidas,16.39,BHD,,-25%
,Adidas,17.76,BHD,,-29%
,SKECHERS,14,BHD,,-16%
,PUMA,11.38,BHD,,-45%
,Adidas,17.07,BHD,,-25%
,Adidas,11.95,BHD,,-48%
,PUMA,13.32,BHD,,-39%
,adidas Originals,14.68,BHD,,-29%
,Nike,10.02,BHD,,-72%
,Adidas,11.16,BHD,,-21%
,adidas Originals,27.43,BHD,,-24%
,Adidas,23.68,BHD,,-5%
,Adidas,17.07,BHD,,-25%
,Adidas,23.68,BHD,,-5%
,adidas Originals,15.48,BHD,,-57%
,Adidas,17.07,BHD,,-25%
,adidas Originals,20.95,BHD,,-42%
,PUMA,11.38,BHD,,-45%
,Adidas,18.33,BHD,,-35%
,Adidas,14.57,BHD,,-21%
,Adidas,20.03,BHD,,-23%
Youth 530,New Balance,52.25,BHD,,
,adidas Originals,18.21,BHD,,-33%
,adidas Originals,19.35,BHD,,-41%
,adidas Originals,26.52,BHD,,-26%
,PUMA,11.73,BHD,,-46%
,Jordan,37.34,BHD,,-35%
,PUMA,9.79,BHD,,-55%
,BMW Motorsport,11.99,BHD,,-69%
,adidas Originals,16.28,BHD,,-47%
,Adidas,12.52,BHD,,-54%
,Nike,14.91,BHD,,-61%
,VANS,10.81,BHD,,-57%
,Adidas,12.63,BHD,,-35%
,asics,39.27,BHD,,
,Adidas,15.03,BHD,,-23%
,Nike,23.79,BHD,,
,Adidas,22.08,BHD,,-15%
,crocs,21.52,BHD,,
,Adidas,17.07,BHD,,-17%
,Adidas,18.78,BHD,,-4%
,asics,36.31,BHD,,-1%
,PUMA,11.38,BHD,,-42%
,PUMA,15.82,BHD,,-46%
,PUMA,17.76,BHD,,-37%
,Adidas,12.98,BHD,,-40%
,Adidas,12.63,BHD,,-32%
,PUMA,11.73,BHD,,-46%
,asics,31.87,BHD,,-13%
,Adidas,15.25,BHD,,-26%
,PUMA,19.24,BHD,,
,Adidas,16.74,BHD,,-27%
,Adidas,18.9,BHD,,-17%
,On Running,58.05,BHD,,
,Nike,32.9,BHD,,
,Jordan,37.34,BHD,,-35%
,Nike,27.2,BHD,,
,PUMA,9.79,BHD,,-55%
,Adidas,19.01,BHD,,-27%
,Adidas,69.32,BHD,,
,Adidas,16.96,BHD,,
,BMW Motorsport,11.99,BHD,,-69%
,adidas Originals,17.76,BHD,,-42%
,Adidas,19.69,BHD,,-14%
,Adidas,18.56,BHD,,-29%
,Nike,27.2,BHD,,
,Adidas,9.45,BHD,,-27%
,Nike,31.87,BHD,,-35%
,New Balance,21.52,BHD,,
,Hoka,49.51,BHD,,
,Adidas,7.85,BHD,,-27%
,Adidas,15.25,BHD,,-26%
,Adidas,12.52,BHD,,-54%
,adidas Originals,46.33,BHD,,-1%
,Nike,14.91,BHD,,-61%
,Adidas,17.07,BHD,,-25%
,PUMA,19.24,BHD,,
,Nike,37.11,BHD,,-24%
,Nike,18.56,BHD,,-26%
,adidas Originals,28.23,BHD,,-40%
,Adidas,15.94,BHD,,-14%
,adidas Originals,24.93,BHD,,-43%
,asics,33.58,BHD,,-22%
,Adidas,16.74,BHD,,-27%
,Nike,16.39,BHD,,-46%
,PUMA,10.59,BHD,,-43%
,adidas Originals,17.42,BHD,,-43%
,UNDER ARMOUR,13.66,BHD,,-55%
,U.S. Polo Assn.,18.91,BHD,,-44%
,Nike,20.26,BHD,,-51%
,Nike,20.26,BHD,,-34%
,Nike,27.09,BHD,,-35%
,Adidas,15.37,BHD,,-41%
,PUMA,7.51,BHD,,-54%
,VANS,10.81,BHD,,-57%
,Nike,27.43,BHD,,-24%
,Adidas,17.99,BHD,,-21%
,Adidas,12.63,BHD,,-35%
,adidas Originals,24.7,BHD,,-5%
,Nike,16.39,BHD,,-46%
,asics,43.26,BHD,,
,Nike,35.17,BHD,,
,Adidas,15.82,BHD,,-14%
,Adidas,16.74,BHD,,-27%
,Nike,29.48,BHD,,
,Adidas,20.38,BHD,,
,Adidas,17.87,BHD,,-22%
,Nike,29.48,BHD,,
,adidas Originals,23.45,BHD,,-23%
,Nike,46.55,BHD,,
,Adidas,24.93,BHD,,
,PUMA,10.59,BHD,,-43%
,Adidas,16.96,BHD,,-38%
,Nike,35.17,BHD,,
,crocs,23.79,BHD,,
,Adidas,20.26,BHD,,-28%
,CONVERSE,15.82,BHD,,-3%
,adidas Originals,17.42,BHD,,-43%
,Nike,40.87,BHD,,
,SKECHERS,12.41,BHD,,-25%
,asics,34.15,BHD,,
,SKECHERS,14.57,BHD,,-21%
,Adidas,16.39,BHD,,-25%
,PUMA,8.65,BHD,,-33%
,On Running,66.59,BHD,,
,UNDER ARMOUR,13.66,BHD,,-55%
,PUMA,14.91,BHD,,-43%
,U.S. Polo Assn.,18.91,BHD,,-44%
,Adidas,24.93,BHD,,
,Adidas,19.69,BHD,,-14%
,Adidas,19.46,BHD,,-15%
,SKECHERS,18.44,BHD,,
,adidas Originals,23.11,BHD,,-15%
,New Balance,46.55,BHD,,
,Adidas,17.19,BHD,,-25%
,Nike,55.66,BHD,,
,Adidas,24.7,BHD,,-19%
,SKECHERS,12.29,BHD,,-26%
,Adidas,20.38,BHD,,
,PUMA,40.87,BHD,,
,Nike,20.26,BHD,,-34%
,Adidas,18.56,BHD,,-29%
,Nike,27.09,BHD,,-35%
,Adidas,15.37,BHD,,-41%
,Adidas,11.04,BHD,,-22%
,adidas Originals,19.58,BHD,,-14%
,Adidas,19.35,BHD,,-26%
,crocs,21.52,BHD,,
,Adidas,17.64,BHD,,-4%
,New Balance,49.97,BHD,,
,Jordan,32.44,BHD,,-49%
,PUMA,12.63,BHD,,-50%
,crocs,21.52,BHD,,
,Jordan,32.44,BHD,,-49%
,PUMA,12.63,BHD,,-50%
,U.S. Polo Assn.,22.48,BHD,,-45%
,Adidas,14.46,BHD,,-37%
,adidas Originals,17.42,BHD,,-43%
,PUMA,12.07,BHD,,-42%
,adidas Originals,15.6,BHD,,-43%
,Nike,25.95,BHD,,-59%
,Adidas,22.99,BHD,,-30%
,Nike,44.28,BHD,,
,adidas Originals,22.2,BHD,,-18%
,Adidas,16.17,BHD,,-22%
,Adidas,17.64,BHD,,-32%
,PUMA,14.57,BHD,,-47%
,Adidas,13.32,BHD,,-32%
,Adidas,19.35,BHD,,-26%
,U.S. Polo Assn.,22.48,BHD,,-45%
,Nike,44.28,BHD,,
,Nike,29.48,BHD,,
,crocs,22.31,BHD,,-27%
,Adidas,14.46,BHD,,-37%
,adidas Originals,17.42,BHD,,-43%
,PUMA,12.07,BHD,,-42%
,crocs,19.81,BHD,,-21%
,PUMA,12.63,BHD,,-42%
,BIRKENSTOCK,21.52,BHD,,
,adidas Originals,15.6,BHD,,-43%
,adidas Originals,34.15,BHD,,-27%
,SKECHERS,13.09,BHD,,-21%
,Nike,25.95,BHD,,-59%
,Nike,21.06,BHD,,-22%
,Nike,35.17,BHD,,
,Nike,31.87,BHD,,-35%
,Adidas,13.55,BHD,,-38%
,SKECHERS,12.07,BHD,,-27%
,Nike,20.26,BHD,,-34%
,Adidas,23.79,BHD,,
,Adidas,24.93,BHD,,
,PUMA,40.87,BHD,,
,PUMA,21.52,BHD,,
,Adidas,30.62,BHD,,
,asics,44.96,BHD,,
,Nike,44.28,BHD,,
,Nike,46.55,BHD,,
,Nike,67.04,BHD,,
,Jordan,69.32,BHD,,
,Nike,52.93,BHD,,-25%
,speedo,10.36,BHD,,-6%
,Nike,52.25,BHD,,
,PUMA,51.11,BHD,,
,Adidas,30.62,BHD,,
,Jordan,46.55,BHD,,
,Adidas,29.48,BHD,,
,crocs,18.1,BHD,,
,crocs,18.1,BHD,,
,asics,28.46,BHD,,
,Jordan,52.25,BHD,,
,Nike,55.66,BHD,,
,Nike,38.59,BHD,,
,PUMA,35.17,BHD,,
,adidas Originals,22.65,BHD,,-26%
,PUMA,31.76,BHD,,
,Adidas,35.17,BHD,,
,Nike,31.87,BHD,,-35%
,Adidas,13.55,BHD,,-38%
,Nike,20.26,BHD,,-34%
,Nike,20.26,BHD,,-34%
,PUMA,7.06,BHD,,-35%
,Nike,20.26,BHD,,-34%
,adidas Originals,30.16,BHD,,-45%
,Adidas,15.37,BHD,,-41%
,U.S. Polo Assn.,20.1,BHD,,-40%
,U.S. Polo Assn.,14.14,BHD,,-58%
,Adidas,24.93,BHD,,
,PUMA,28.34,BHD,,
,PUMA,55.66,BHD,,
,asics,31.3,BHD,,
,Adidas,29.48,BHD,,
,adidas Originals,49.97,BHD,,
,Reserved,18.56,BHD,,
,Adidas,29.48,BHD,,
,New Balance,57.94,BHD,,
,Jordan,49.97,BHD,,
,Adidas,29.48,BHD,,
,SKECHERS,21.52,BHD,,
,crocs,18.1,BHD,,
,Nike,40.87,BHD,,
,Nike,44.28,BHD,,
,Jordan,40.87,BHD,,
,Jordan,55.66,BHD,,
,Nike,63.63,BHD,,
,asics,28.46,BHD,,
,Adidas,35.17,BHD,,
,Nike,35.17,BHD,,
,Nike,61.35,BHD,,
,Nike,40.87,BHD,,
,New Balance,57.94,BHD,,
,Reebok,21.85,BHD,,-39%
,Adidas,30.62,BHD,,
,Adidas,28.34,BHD,,
,Jordan,40.87,BHD,,
,Nike,28.69,BHD,,-24%
,Jordan,72.73,BHD,,
,Adidas,22.65,BHD,,
,Adidas,21.17,BHD,,-22%
,Adidas,52.36,BHD,,
,Nike,49.97,BHD,,
,PUMA,55.66,BHD,,
,Nike,52.25,BHD,,
,Adidas,20.38,BHD,,
,Jordan,72.73,BHD,,
,Jordan,40.87,BHD,,
,Nike,35.17,BHD,,
,Adidas,30.62,BHD,,
,UNDER ARMOUR,22.54,BHD,,-17%
,crocs,21.52,BHD,,
,Nike,35.17,BHD,,
,crocs,23.79,BHD,,
,Nike,61.35,BHD,,
